{"cameraMode":{"drawMode":0,"name":"Shaded","section":"Shading Mode"},"sceneLighting":true,"audioPlay":false,"sceneViewState":{"showFog":true,"showMaterialUpdate":false,"showSkybox":true,"showFlares":true,"showImageEffects":true,"showParticleSystems":true},"in2DMode":false,"pivot":{"x":53.42045211791992,"y":-26.3359375,"z":25.021211624145509},"rotation":{"x":0.17030474543571473,"y":0.5805185437202454,"z":-0.1257442981004715,"w":0.7862528562545776},"size":71.84944152832031,"orthographic":false}