{"cameraMode":{"drawMode":0,"name":"Shaded","section":"Shading Mode"},"sceneLighting":true,"audioPlay":false,"sceneViewState":{"showFog":true,"showMaterialUpdate":false,"showSkybox":true,"showFlares":true,"showImageEffects":true,"showParticleSystems":true},"in2DMode":false,"pivot":{"x":6.889631271362305,"y":-8.409584045410157,"z":3.8785018920898439},"rotation":{"x":-0.5167723298072815,"y":0.20295350253582,"z":-0.1276121437549591,"w":-0.8218710422515869},"size":71.84944152832031,"orthographic":false}